"es_CHL_mercur_int"	"El mercurio"	"United States of America"	"2213"
"es_CHL_mercur_int"	"El mercurio"	"Ukraine"	"732"
"es_CHL_mercur_int"	"El mercurio"	"Israel"	"543"
"es_CHL_mercur_int"	"El mercurio"	"Venezuela"	"505"
"es_CHL_mercur_int"	"El mercurio"	"Bolivia"	"470"
"es_CHL_mercur_int"	"El mercurio"	"Syria"	"444"
"es_CHL_mercur_int"	"El mercurio"	"Brazil"	"419"
"es_CHL_mercur_int"	"El mercurio"	"China"	"381"
"es_CHL_mercur_int"	"El mercurio"	"France"	"381"
"es_CHL_mercur_int"	"El mercurio"	"Colombia"	"354"
"es_CHL_mercur_int"	"El mercurio"	"Chile"	"335"
"es_CHL_mercur_int"	"El mercurio"	"United Kingdom"	"335"
"es_CHL_mercur_int"	"El mercurio"	"Argentina"	"332"
"es_CHL_mercur_int"	"El mercurio"	"Spain"	"326"
"es_CHL_mercur_int"	"El mercurio"	"Mexico"	"321"
"es_CHL_mercur_int"	"El mercurio"	"Vatican"	"320"
"es_CHL_mercur_int"	"El mercurio"	"Iraq"	"316"
"es_CHL_mercur_int"	"El mercurio"	"Cuba"	"285"
"es_CHL_mercur_int"	"El mercurio"	"North Korea"	"224"
"es_CHL_mercur_int"	"El mercurio"	"Germany"	"220"
"es_CHL_mercur_int"	"El mercurio"	"Iran"	"206"
"es_CHL_mercur_int"	"El mercurio"	"South Korea"	"179"
"es_CHL_mercur_int"	"El mercurio"	"Egypt"	"156"
"es_CHL_mercur_int"	"El mercurio"	"Nigeria"	"138"
"es_CHL_mercur_int"	"El mercurio"	"Afghanistan"	"138"
"es_CHL_mercur_int"	"El mercurio"	"Australia"	"134"
"es_CHL_mercur_int"	"El mercurio"	"Malaysia"	"133"
"es_CHL_mercur_int"	"El mercurio"	"Uruguay"	"132"
"es_CHL_mercur_int"	"El mercurio"	"Turkey"	"124"
"es_CHL_mercur_int"	"El mercurio"	"Italy"	"121"
"es_CHL_mercur_int"	"El mercurio"	"Yemen"	"100"
"es_CHL_mercur_int"	"El mercurio"	"India"	"100"
"es_CHL_mercur_int"	"El mercurio"	"Hong Kong"	"95"
"es_CHL_mercur_int"	"El mercurio"	"Japan"	"91"
"es_CHL_mercur_int"	"El mercurio"	"Peru"	"91"
"es_CHL_mercur_int"	"El mercurio"	"Indonesia"	"89"
"es_CHL_mercur_int"	"El mercurio"	"Nepal"	"85"
"es_CHL_mercur_int"	"El mercurio"	"Thailand"	"78"
"es_CHL_mercur_int"	"El mercurio"	"Libya"	"73"
"es_CHL_mercur_int"	"El mercurio"	"South Africa"	"73"
"es_CHL_mercur_int"	"El mercurio"	"Canada"	"62"
"es_CHL_mercur_int"	"El mercurio"	"Pakistan"	"59"
"es_CHL_mercur_int"	"El mercurio"	"Liberia"	"49"
"es_CHL_mercur_int"	"El mercurio"	"Belgium"	"43"
"es_CHL_mercur_int"	"El mercurio"	"Greece"	"42"
"es_CHL_mercur_int"	"El mercurio"	"Sierra Leone"	"42"
"es_CHL_mercur_int"	"El mercurio"	"Saudi Arabia"	"41"
"es_CHL_mercur_int"	"El mercurio"	"Honduras"	"41"
"es_CHL_mercur_int"	"El mercurio"	"Kenya"	"40"
"es_CHL_mercur_int"	"El mercurio"	"Jordan"	"35"
"es_CHL_mercur_int"	"El mercurio"	"Philippines"	"35"
"es_CHL_mercur_int"	"El mercurio"	"Taiwan"	"33"
"es_CHL_mercur_int"	"El mercurio"	"Guatemala"	"32"
"es_CHL_mercur_int"	"El mercurio"	"Switzerland"	"29"
"es_CHL_mercur_int"	"El mercurio"	"Guinea"	"29"
"es_CHL_mercur_int"	"El mercurio"	"Tunisia"	"28"
"es_CHL_mercur_int"	"El mercurio"	"Nicaragua"	"28"
"es_CHL_mercur_int"	"El mercurio"	"Seychelles"	"27"
"es_CHL_mercur_int"	"El mercurio"	"Morocco"	"26"
"es_CHL_mercur_int"	"El mercurio"	"Panama"	"26"
"es_CHL_mercur_int"	"El mercurio"	"Sweden"	"25"
"es_CHL_mercur_int"	"El mercurio"	"Lebanon"	"23"
"es_CHL_mercur_int"	"El mercurio"	"Costa Rica"	"22"
"es_CHL_mercur_int"	"El mercurio"	"Ireland"	"22"
"es_CHL_mercur_int"	"El mercurio"	"Denmark"	"22"
"es_CHL_mercur_int"	"El mercurio"	"Haiti"	"21"
"es_CHL_mercur_int"	"El mercurio"	"El Salvador"	"20"
"es_CHL_mercur_int"	"El mercurio"	"Algeria"	"20"
"es_CHL_mercur_int"	"El mercurio"	"Bangladesh"	"19"
"es_CHL_mercur_int"	"El mercurio"	"Sudan"	"19"
"es_CHL_mercur_int"	"El mercurio"	"Somalia"	"19"
"es_CHL_mercur_int"	"El mercurio"	"Portugal"	"18"
"es_CHL_mercur_int"	"El mercurio"	"Vietnam"	"16"
"es_CHL_mercur_int"	"El mercurio"	"Burkina Faso"	"16"
"es_CHL_mercur_int"	"El mercurio"	"Dominican Republic"	"16"
"es_CHL_mercur_int"	"El mercurio"	"Belarus"	"15"
"es_CHL_mercur_int"	"El mercurio"	"South Sudan"	"14"
"es_CHL_mercur_int"	"El mercurio"	"Papua New Guinea"	"13"
"es_CHL_mercur_int"	"El mercurio"	"Poland"	"13"
"es_CHL_mercur_int"	"El mercurio"	"Myanmar"	"11"
"es_CHL_mercur_int"	"El mercurio"	"Norway"	"11"
"es_CHL_mercur_int"	"El mercurio"	"Cameroon"	"10"
"es_CHL_mercur_int"	"El mercurio"	"Paraguay"	"9"
"es_CHL_mercur_int"	"El mercurio"	"Armenia"	"9"
"es_CHL_mercur_int"	"El mercurio"	"Qatar"	"9"
"es_CHL_mercur_int"	"El mercurio"	"Austria"	"9"
"es_CHL_mercur_int"	"El mercurio"	"Croatia"	"9"
"es_CHL_mercur_int"	"El mercurio"	"Bulgaria"	"9"
"es_CHL_mercur_int"	"El mercurio"	"Georgia"	"8"
"es_CHL_mercur_int"	"El mercurio"	"Iceland"	"8"
"es_CHL_mercur_int"	"El mercurio"	"Congo"	"8"
"es_CHL_mercur_int"	"El mercurio"	"Czech Republic"	"8"
"es_CHL_mercur_int"	"El mercurio"	"Serbia"	"8"
"es_CHL_mercur_int"	"El mercurio"	"Sri Lanka"	"7"
"es_CHL_mercur_int"	"El mercurio"	"Senegal"	"7"
"es_CHL_mercur_int"	"El mercurio"	"Hungary"	"6"
"es_CHL_mercur_int"	"El mercurio"	"Cambodia"	"6"
"es_CHL_mercur_int"	"El mercurio"	"Niger"	"6"
"es_CHL_mercur_int"	"El mercurio"	"Estonia"	"6"
"es_CHL_mercur_int"	"El mercurio"	"Central African Republic"	"6"
"es_CHL_mercur_int"	"El mercurio"	"Ethiopia"	"5"
"es_CHL_mercur_int"	"El mercurio"	"Mali"	"4"
"es_CHL_mercur_int"	"El mercurio"	"New Zealand"	"4"
"es_CHL_mercur_int"	"El mercurio"	"Jamaica"	"4"
"es_CHL_mercur_int"	"El mercurio"	"Macedonia"	"3"
"es_CHL_mercur_int"	"El mercurio"	"Romania"	"3"
"es_CHL_mercur_int"	"El mercurio"	"Solomon Islands"	"3"
"es_CHL_mercur_int"	"El mercurio"	"Oman"	"3"
"es_CHL_mercur_int"	"El mercurio"	"Uganda"	"3"
"es_CHL_mercur_int"	"El mercurio"	"Zambia"	"3"
"es_CHL_mercur_int"	"El mercurio"	"Mauritius"	"2"
"es_CHL_mercur_int"	"El mercurio"	"Albania"	"2"
"es_CHL_mercur_int"	"El mercurio"	"Vanuatu"	"2"
"es_CHL_mercur_int"	"El mercurio"	"Moldova"	"2"
"es_CHL_mercur_int"	"El mercurio"	"Cyprus"	"2"
"es_CHL_mercur_int"	"El mercurio"	"Monaco"	"2"
"es_CHL_mercur_int"	"El mercurio"	"Tonga"	"2"
"es_CHL_mercur_int"	"El mercurio"	"Marshall Islands"	"2"
"es_CHL_mercur_int"	"El mercurio"	"Malawi"	"2"
"es_CHL_mercur_int"	"El mercurio"	"Singapore"	"2"
"es_CHL_mercur_int"	"El mercurio"	"Lithuania"	"2"
"es_CHL_mercur_int"	"El mercurio"	"Chad"	"2"
"es_CHL_mercur_int"	"El mercurio"	"Rwanda"	"2"
"es_CHL_mercur_int"	"El mercurio"	"Burundi"	"2"
"es_CHL_mercur_int"	"El mercurio"	"Angola"	"2"
"es_CHL_mercur_int"	"El mercurio"	"United Arab Emirates"	"1"
"es_CHL_mercur_int"	"El mercurio"	"Zimbabwe"	"1"
"es_CHL_mercur_int"	"El mercurio"	"Ghana"	"1"
"es_CHL_mercur_int"	"El mercurio"	"Suriname"	"1"
"es_CHL_mercur_int"	"El mercurio"	"Madagascar"	"1"
"es_CHL_mercur_int"	"El mercurio"	"Bahamas"	"1"
"es_CHL_mercur_int"	"El mercurio"	"Guyana"	"1"
"es_CHL_mercur_int"	"El mercurio"	"Malta"	"1"
"es_CHL_mercur_int"	"El mercurio"	"Kuwait"	"1"
"es_CHL_mercur_int"	"El mercurio"	"Luxembourg"	"1"
"es_CHL_mercur_int"	"El mercurio"	"Bahrain"	"1"
"es_CHL_mercur_int"	"El mercurio"	"Mauritania"	"1"
"es_CHL_mercur_int"	"El mercurio"	"Mongolia"	"1"
"es_CHL_mercur_int"	"El mercurio"	"Slovakia"	"1"
"es_CHL_mercur_int"	"El mercurio"	"Latvia"	"1"
"es_CHL_mercur_int"	"El mercurio"	"Fiji"	"1"
